x,y,z,value
-74.4,6.7,0.0,0.0036685572126113233
-74.4,6.7,10.0,0.0036734171788169187
-74.4,6.7,20.0,0.0036779527506503196
-74.4,6.7,29.999999999999996,0.0036714818247812983
-74.4,6.7,40.0,0.003695253830249937
-74.30999099909991,6.7,0.0,0.003620092448953961
-74.30999099909991,6.7,10.0,0.0036269193662583086
-74.30999099909991,6.7,20.0,0.003625057694299052
-74.30999099909991,6.7,29.999999999999996,0.003645817402406793
-74.30999099909991,6.7,40.0,0.0036862371055446192
-74.21998199819981,6.7,0.0,0.0036140980079946263
-74.21998199819981,6.7,10.0,0.0036246797245489547
-74.21998199819981,6.7,20.0,0.003608125942687851
-74.21998199819981,6.7,29.999999999999996,0.003606029134876873
-74.21998199819981,6.7,40.0,0.0036406681803316087
-74.12997299729972,6.7,0.0,0.0036570930958480913
-74.12997299729972,6.7,10.0,0.0036703081626237016
-74.12997299729972,6.7,20.0,0.0037030311912448852
-74.12997299729972,6.7,29.999999999999996,0.0036723142542071643
-74.12997299729972,6.7,40.0,0.003626073953566122
-74.03996399639962,6.7,0.0,0.003679971609234232
-74.03996399639962,6.7,10.0,0.003689301440790952
-74.03996399639962,6.7,20.0,0.003685996322597355
-74.03996399639962,6.7,29.999999999999996,0.003693857722571361
-74.03996399639962,6.7,40.0,0.003686013124351536
-73.94995499549952,6.7,0.0,0.00367412307825577
-73.94995499549952,6.7,10.0,0.0036735083617607587
-73.94995499549952,6.7,20.0,0.0036615081040972863
-73.94995499549952,6.7,29.999999999999996,0.0036710436907620913
-73.94995499549952,6.7,40.0,0.003656772496052512
-73.85994599459943,6.7,0.0,0.0036843488902353195
-73.85994599459943,6.7,10.0,0.0036856314203559115
-73.85994599459943,6.7,20.0,0.0036610726637379266
-73.85994599459943,6.7,29.999999999999996,0.0036743663325617963
-73.85994599459943,6.7,40.0,0.0036708660703049507
-73.76993699369933,6.7,0.0,0.003659806542284633
-73.76993699369933,6.7,10.0,0.003654386571869113
-73.76993699369933,6.7,20.0,0.0036729053937742118
-73.76993699369933,6.7,29.999999999999996,0.0036650465716661106
-73.76993699369933,6.7,40.0,0.003684803950430228
-73.67992799279924,6.7,0.0,0.003650732444960617
-73.67992799279924,6.7,10.0,0.0036380247916220445
-73.67992799279924,6.7,20.0,0.003644597647424015
-73.67992799279924,6.7,29.999999999999996,0.003655904115727362
-73.67992799279924,6.7,40.0,0.0037040134659215877
-73.58991899189914,6.7,0.0,0.0036545470105910265
-73.58991899189914,6.7,10.0,0.003683126718132766
-73.58991899189914,6.7,20.0,0.003702177711148348
-73.58991899189914,6.7,29.999999999999996,0.003692279030232359
-73.58991899189914,6.7,40.0,0.0037021785220457937
-73.49990999099904,6.7,0.0,0.0037095477489189925
-73.49990999099904,6.7,10.0,0.0037352004175024013
-73.49990999099904,6.7,20.0,0.003714831959913245
-73.49990999099904,6.7,29.999999999999996,0.003718508163722406
-73.49990999099904,6.7,40.0,0.0037249158566756784
-73.40990099009895,6.7,0.0,0.0037467481768303883
-73.40990099009895,6.7,10.0,0.003756794510129008
-73.40990099009895,6.7,20.0,0.003735795017335588
-73.40990099009895,6.7,29.999999999999996,0.003771519587608287
-73.40990099009895,6.7,40.0,0.003772514515669121
-73.31989198919885,6.7,0.0,0.0037576006021495145
-73.31989198919885,6.7,10.0,0.0037734244144780526
-73.31989198919885,6.7,20.0,0.00376206037868985
-73.31989198919885,6.7,29.999999999999996,0.0037750021755576487
-73.31989198919885,6.7,40.0,0.003785862099384207
-73.22988298829875,6.7,0.0,0.003748783025013277
-73.22988298829875,6.7,10.0,0.003786721569396867
-73.22988298829875,6.7,20.0,0.0037647963920568583
-73.22988298829875,6.7,29.999999999999996,0.0037662485662837454
-73.22988298829875,6.7,40.0,0.0037879956153988406
-73.13987398739866,6.7,0.0,0.0037426057748665693
-73.13987398739866,6.7,10.0,0.0037485620188112217
-73.13987398739866,6.7,20.0,0.003762200784977105
-73.13987398739866,6.7,29.999999999999996,0.003795069213363745
-73.13987398739866,6.7,40.0,0.0037990928553597652
-73.04986498649856,6.7,0.0,0.003780499112762203
-73.04986498649856,6.7,10.0,0.0037859713512617727
-73.04986498649856,6.7,20.0,0.0037960869778274993
-73.04986498649856,6.7,29.999999999999996,0.0037684054316945827
-73.04986498649856,6.7,40.0,0.003782840553343369
-72.95985598559847,6.7,0.0,0.003731109652816299
-72.95985598559847,6.7,10.0,0.0037268758647969135
-72.95985598559847,6.7,20.0,0.003746359124821601
-72.95985598559847,6.7,29.999999999999996,0.0037465554511159566
-72.95985598559847,6.7,40.0,0.0037638863776772754
-74.4,6.79000900090009,0.0,0.0036445229888705287
-74.4,6.79000900090009,10.0,0.0036467019812355637
-74.4,6.79000900090009,20.0,0.0036385530625441167
-74.4,6.79000900090009,29.999999999999996,0.003659595565433725
-74.4,6.79000900090009,40.0,0.0036620622583555624
-74.30999099909991,6.79000900090009,0.0,0.0036745500663271425
-74.30999099909991,6.79000900090009,10.0,0.0036666072053445327
-74.30999099909991,6.79000900090009,20.0,0.0036522604088656085
-74.30999099909991,6.79000900090009,29.999999999999996,0.003651474650589173
-74.30999099909991,6.79000900090009,40.0,0.003624642838572664
-74.21998199819981,6.79000900090009,0.0,0.0036883119505504323
-74.21998199819981,6.79000900090009,10.0,0.0036641933483405643
-74.21998199819981,6.79000900090009,20.0,0.0036711844785832456
-74.21998199819981,6.79000900090009,29.999999999999996,0.0036811587187913697
-74.21998199819981,6.79000900090009,40.0,0.00365322533757639
-74.12997299729972,6.79000900090009,0.0,0.0036800977484255123
-74.12997299729972,6.79000900090009,10.0,0.003665952434700706
-74.12997299729972,6.79000900090009,20.0,0.003651827471064949
-74.12997299729972,6.79000900090009,29.999999999999996,0.0036968456569619512
-74.12997299729972,6.79000900090009,40.0,0.0036958175646273077
-74.03996399639962,6.79000900090009,0.0,0.003639013683386889
-74.03996399639962,6.79000900090009,10.0,0.0036278752369101087
-74.03996399639962,6.79000900090009,20.0,0.003622527421779462
-74.03996399639962,6.79000900090009,29.999999999999996,0.0036471227610262212
-74.03996399639962,6.79000900090009,40.0,0.0036736150333237746
-73.94995499549952,6.79000900090009,0.0,0.0036612817609573936
-73.94995499549952,6.79000900090009,10.0,0.003631478510371614
-73.94995499549952,6.79000900090009,20.0,0.0036150760895554716
-73.94995499549952,6.79000900090009,29.999999999999996,0.00362299513172058
-73.94995499549952,6.79000900090009,40.0,0.00365951264339487
-73.85994599459943,6.79000900090009,0.0,0.003644669195728768
-73.85994599459943,6.79000900090009,10.0,0.003648582592199322
-73.85994599459943,6.79000900090009,20.0,0.0036487785236328815
-73.85994599459943,6.79000900090009,29.999999999999996,0.0036556298544017656
-73.85994599459943,6.79000900090009,40.0,0.003652839056674026
-73.76993699369933,6.79000900090009,0.0,0.0036887520891350617
-73.76993699369933,6.79000900090009,10.0,0.003697893328782325
-73.76993699369933,6.79000900090009,20.0,0.00367881694683949
-73.76993699369933,6.79000900090009,29.999999999999996,0.0037013707064515546
-73.76993699369933,6.79000900090009,40.0,0.0036739116824875155
-73.67992799279924,6.79000900090009,0.0,0.003680923133436486
-73.67992799279924,6.79000900090009,10.0,0.003677364534155233
-73.67992799279924,6.79000900090009,20.0,0.003670904951003603
-73.67992799279924,6.79000900090009,29.999999999999996,0.003678613091044812
-73.67992799279924,6.79000900090009,40.0,0.003713604383900785
-73.58991899189914,6.79000900090009,0.0,0.003678075982339977
-73.58991899189914,6.79000900090009,10.0,0.0036678518568315104
-73.58991899189914,6.79000900090009,20.0,0.003684182711216266
-73.58991899189914,6.79000900090009,29.999999999999996,0.0037030767594480227
-73.58991899189914,6.79000900090009,40.0,0.0037245018730161683
-73.49990999099904,6.79000900090009,0.0,0.0036609440724037364
-73.49990999099904,6.79000900090009,10.0,0.003672598089617574
-73.49990999099904,6.79000900090009,20.0,0.003658185423231299
-73.49990999099904,6.79000900090009,29.999999999999996,0.0036856989791425343
-73.49990999099904,6.79000900090009,40.0,0.003720019485352465
-73.40990099009895,6.79000900090009,0.0,0.0036677602934549886
-73.40990099009895,6.79000900090009,10.0,0.0036593686469732997
-73.40990099009895,6.79000900090009,20.0,0.0037031145712126713
-73.40990099009895,6.79000900090009,29.999999999999996,0.0037213797702010474
-73.40990099009895,6.79000900090009,40.0,0.0037443219865219597
-73.31989198919885,6.79000900090009,0.0,0.003715808751944422
-73.31989198919885,6.79000900090009,10.0,0.0037024958573131507
-73.31989198919885,6.79000900090009,20.0,0.003739303557279622
-73.31989198919885,6.79000900090009,29.999999999999996,0.0037530496672696866
-73.31989198919885,6.79000900090009,40.0,0.0037944872471032476
-73.22988298829875,6.79000900090009,0.0,0.003772175430110272
-73.22988298829875,6.79000900090009,10.0,0.003768066814701338
-73.22988298829875,6.79000900090009,20.0,0.0037740846640404242
-73.22988298829875,6.79000900090009,29.999999999999996,0.0037981785230610356
-73.22988298829875,6.79000900090009,40.0,0.003850667646750767
-73.13987398739866,6.79000900090009,0.0,0.003804329111711878
-73.13987398739866,6.79000900090009,10.0,0.003800814910019342
-73.13987398739866,6.79000900090009,20.0,0.0038216442620655853
-73.13987398739866,6.79000900090009,29.999999999999996,0.003821592244743462
-73.13987398739866,6.79000900090009,40.0,0.003789986872076133
-73.04986498649856,6.79000900090009,0.0,0.003744725468326846
-73.04986498649856,6.79000900090009,10.0,0.00379644971460627
-73.04986498649856,6.79000900090009,20.0,0.0037785650711228613
-73.04986498649856,6.79000900090009,29.999999999999996,0.0037883821158954155
-73.04986498649856,6.79000900090009,40.0,0.0037911202404736642
-72.95985598559847,6.79000900090009,0.0,0.003782633838331413
-72.95985598559847,6.79000900090009,10.0,0.0038031228969436647
-72.95985598559847,6.79000900090009,20.0,0.003768103598418589
-72.95985598559847,6.79000900090009,29.999999999999996,0.00376049733429759
-72.95985598559847,6.79000900090009,40.0,0.003758441719876262
-74.4,6.88001800180018,0.0,0.0036458106188629684
-74.4,6.88001800180018,10.0,0.003635151542789171
-74.4,6.88001800180018,20.0,0.0036389267867840123
-74.4,6.88001800180018,29.999999999999996,0.0036489914881709514
-74.4,6.88001800180018,40.0,0.0036709713940717504
-74.30999099909991,6.88001800180018,0.0,0.0036430102397985355
-74.30999099909991,6.88001800180018,10.0,0.003638768567442711
-74.30999099909991,6.88001800180018,20.0,0.0036524571339690433
-74.30999099909991,6.88001800180018,29.999999999999996,0.0036524243058369244
-74.30999099909991,6.88001800180018,40.0,0.0036103365674187617
-74.21998199819981,6.88001800180018,0.0,0.003642326763513746
-74.21998199819981,6.88001800180018,10.0,0.003655926971411656
-74.21998199819981,6.88001800180018,20.0,0.003664580217477557
-74.21998199819981,6.88001800180018,29.999999999999996,0.003651924708439869
-74.21998199819981,6.88001800180018,40.0,0.0036744642570594494
-74.12997299729972,6.88001800180018,0.0,0.0036234268999429022
-74.12997299729972,6.88001800180018,10.0,0.0036227939038823514
-74.12997299729972,6.88001800180018,20.0,0.003633400660930911
-74.12997299729972,6.88001800180018,29.999999999999996,0.0036428816536201733
-74.12997299729972,6.88001800180018,40.0,0.0036403900315282187
-74.03996399639962,6.88001800180018,0.0,0.003614220454254732
-74.03996399639962,6.88001800180018,10.0,0.00361617142174451
-74.03996399639962,6.88001800180018,20.0,0.003613988728749347
-74.03996399639962,6.88001800180018,29.999999999999996,0.0036242386304965886
-74.03996399639962,6.88001800180018,40.0,0.0036014157429640837
-73.94995499549952,6.88001800180018,0.0,0.00358498723571838
-73.94995499549952,6.88001800180018,10.0,0.003602100069456076
-73.94995499549952,6.88001800180018,20.0,0.0036260869327668288
-73.94995499549952,6.88001800180018,29.999999999999996,0.0036156547245579673
-73.94995499549952,6.88001800180018,40.0,0.003588959734791073
-73.85994599459943,6.88001800180018,0.0,0.0036377601771761556
-73.85994599459943,6.88001800180018,10.0,0.00363898782418787
-73.85994599459943,6.88001800180018,20.0,0.0036440185461818903
-73.85994599459943,6.88001800180018,29.999999999999996,0.003638739243511483
-73.85994599459943,6.88001800180018,40.0,0.0036580581079609306
-73.76993699369933,6.88001800180018,0.0,0.0036463654643061195
-73.76993699369933,6.88001800180018,10.0,0.0036394333629880603
-73.76993699369933,6.88001800180018,20.0,0.0036319550649164885
-73.76993699369933,6.88001800180018,29.999999999999996,0.0036323196571129007
-73.76993699369933,6.88001800180018,40.0,0.003675354686263555
-73.67992799279924,6.88001800180018,0.0,0.0036765358232302356
-73.67992799279924,6.88001800180018,10.0,0.0036867142317271477
-73.67992799279924,6.88001800180018,20.0,0.0037005227235323897
-73.67992799279924,6.88001800180018,29.999999999999996,0.0036731954907644887
-73.67992799279924,6.88001800180018,40.0,0.003671176319501599
-73.58991899189914,6.88001800180018,0.0,0.0036978880815979154
-73.58991899189914,6.88001800180018,10.0,0.003709828898478092
-73.58991899189914,6.88001800180018,20.0,0.0037306531792878177
-73.58991899189914,6.88001800180018,29.999999999999996,0.003670064751543596
-73.58991899189914,6.88001800180018,40.0,0.003688534245750134
-73.49990999099904,6.88001800180018,0.0,0.003690943584954466
-73.49990999099904,6.88001800180018,10.0,0.003702524511978325
-73.49990999099904,6.88001800180018,20.0,0.0037074263390975168
-73.49990999099904,6.88001800180018,29.999999999999996,0.0037219993346324968
-73.49990999099904,6.88001800180018,40.0,0.003720040779713966
-73.40990099009895,6.88001800180018,0.0,0.0036816042504890824
-73.40990099009895,6.88001800180018,10.0,0.0037077384111113064
-73.40990099009895,6.88001800180018,20.0,0.0036884946445327506
-73.40990099009895,6.88001800180018,29.999999999999996,0.003702489219079111
-73.40990099009895,6.88001800180018,40.0,0.003690933640494456
-73.31989198919885,6.88001800180018,0.0,0.0037015431955239896
-73.31989198919885,6.88001800180018,10.0,0.0036879619374605276
-73.31989198919885,6.88001800180018,20.0,0.003689495499952178
-73.31989198919885,6.88001800180018,29.999999999999996,0.0037108708693713746
-73.31989198919885,6.88001800180018,40.0,0.0037358589231904823
-73.22988298829875,6.88001800180018,0.0,0.0037058551319339972
-73.22988298829875,6.88001800180018,10.0,0.0037146359396046514
-73.22988298829875,6.88001800180018,20.0,0.003727756380375821
-73.22988298829875,6.88001800180018,29.999999999999996,0.00377197236762155
-73.22988298829875,6.88001800180018,40.0,0.003781888732201209
-73.13987398739866,6.88001800180018,0.0,0.0037903742425013246
-73.13987398739866,6.88001800180018,10.0,0.003789532840195356
-73.13987398739866,6.88001800180018,20.0,0.003799222946859831
-73.13987398739866,6.88001800180018,29.999999999999996,0.0037991023506390963
-73.13987398739866,6.88001800180018,40.0,0.003829103208846724
-73.04986498649856,6.88001800180018,0.0,0.0037949669096832513
-73.04986498649856,6.88001800180018,10.0,0.003793171559290103
-73.04986498649856,6.88001800180018,20.0,0.0038040360259801427
-73.04986498649856,6.88001800180018,29.999999999999996,0.0038472529199858984
-73.04986498649856,6.88001800180018,40.0,0.0038615856217774237
-72.95985598559847,6.88001800180018,0.0,0.0037985896942679515
-72.95985598559847,6.88001800180018,10.0,0.0038103492491295757
-72.95985598559847,6.88001800180018,20.0,0.003813760072542131
-72.95985598559847,6.88001800180018,29.999999999999996,0.003787639347928016
-72.95985598559847,6.88001800180018,40.0,0.0037475554221247315
-74.4,6.97002700270027,0.0,0.003585677402846983
-74.4,6.97002700270027,10.0,0.0035819784244191175
-74.4,6.97002700270027,20.0,0.003575885028647388
-74.4,6.97002700270027,29.999999999999996,0.0035991025851792474
-74.4,6.97002700270027,40.0,0.0035973635257206633
-74.30999099909991,6.97002700270027,0.0,0.0035983515169505315
-74.30999099909991,6.97002700270027,10.0,0.003600172681584629
-74.30999099909991,6.97002700270027,20.0,0.0036076599353761203
-74.30999099909991,6.97002700270027,29.999999999999996,0.003642384513412504
-74.30999099909991,6.97002700270027,40.0,0.0036214734998127815
-74.21998199819981,6.97002700270027,0.0,0.0036009488641002255
-74.21998199819981,6.97002700270027,10.0,0.003605178310316982
-74.21998199819981,6.97002700270027,20.0,0.0035882350221403147
-74.21998199819981,6.97002700270027,29.999999999999996,0.003594558942498372
-74.21998199819981,6.97002700270027,40.0,0.003631637688293021
-74.12997299729972,6.97002700270027,0.0,0.0035358697102890074
-74.12997299729972,6.97002700270027,10.0,0.0035399268042876943
-74.12997299729972,6.97002700270027,20.0,0.0035441434683820446
-74.12997299729972,6.97002700270027,29.999999999999996,0.0035740320490981205
-74.12997299729972,6.97002700270027,40.0,0.0036005644208254644
-74.03996399639962,6.97002700270027,0.0,0.0035338740153234524
-74.03996399639962,6.97002700270027,10.0,0.0035384133627499948
-74.03996399639962,6.97002700270027,20.0,0.003552436820275688
-74.03996399639962,6.97002700270027,29.999999999999996,0.003552962176489819
-74.03996399639962,6.97002700270027,40.0,0.003569970158182132
-73.94995499549952,6.97002700270027,0.0,0.0035887112564444296
-73.94995499549952,6.97002700270027,10.0,0.0035869566121763423
-73.94995499549952,6.97002700270027,20.0,0.0035833626939595097
-73.94995499549952,6.97002700270027,29.999999999999996,0.0036198806969819424
-73.94995499549952,6.97002700270027,40.0,0.0036223023243591493
-73.85994599459943,6.97002700270027,0.0,0.003591842026294069
-73.85994599459943,6.97002700270027,10.0,0.003620754344453484
-73.85994599459943,6.97002700270027,20.0,0.003630226997707338
-73.85994599459943,6.97002700270027,29.999999999999996,0.003640489872199257
-73.85994599459943,6.97002700270027,40.0,0.0036162273796930293
-73.76993699369933,6.97002700270027,0.0,0.0036476900174148763
-73.76993699369933,6.97002700270027,10.0,0.0036411453099918644
-73.76993699369933,6.97002700270027,20.0,0.0036276936616263804
-73.76993699369933,6.97002700270027,29.999999999999996,0.003658079448875633
-73.76993699369933,6.97002700270027,40.0,0.003647298729083522
-73.67992799279924,6.97002700270027,0.0,0.0036649808967562404
-73.67992799279924,6.97002700270027,10.0,0.0036476009143283413
-73.67992799279924,6.97002700270027,20.0,0.003654142590305577
-73.67992799279924,6.97002700270027,29.999999999999996,0.003652263687061513
-73.67992799279924,6.97002700270027,40.0,0.0036486930680745826
-73.58991899189914,6.97002700270027,0.0,0.003680605349512733
-73.58991899189914,6.97002700270027,10.0,0.0036693256461376098
-73.58991899189914,6.97002700270027,20.0,0.003662121717095115
-73.58991899189914,6.97002700270027,29.999999999999996,0.003712272793340472
-73.58991899189914,6.97002700270027,40.0,0.0036891589027270694
-73.49990999099904,6.97002700270027,0.0,0.0036957477640338463
-73.49990999099904,6.97002700270027,10.0,0.0037092500575033023
-73.49990999099904,6.97002700270027,20.0,0.0036871329742189578
-73.49990999099904,6.97002700270027,29.999999999999996,0.0037154974063177163
-73.49990999099904,6.97002700270027,40.0,0.003700495005323153
-73.40990099009895,6.97002700270027,0.0,0.0036896203134187348
-73.40990099009895,6.97002700270027,10.0,0.0037016089482574933
-73.40990099009895,6.97002700270027,20.0,0.0037167513318099193
-73.40990099009895,6.97002700270027,29.999999999999996,0.0037446670686892064
-73.40990099009895,6.97002700270027,40.0,0.0037076971570102276
-73.31989198919885,6.97002700270027,0.0,0.0037025991423811897
-73.31989198919885,6.97002700270027,10.0,0.003702592529030495
-73.31989198919885,6.97002700270027,20.0,0.0037104923689904082
-73.31989198919885,6.97002700270027,29.999999999999996,0.0037058358823144092
-73.31989198919885,6.97002700270027,40.0,0.0037215397210669746
-73.22988298829875,6.97002700270027,0.0,0.003688372049829186
-73.22988298829875,6.97002700270027,10.0,0.0036886713816374045
-73.22988298829875,6.97002700270027,20.0,0.0037006583666009075
-73.22988298829875,6.97002700270027,29.999999999999996,0.003695827727871054
-73.22988298829875,6.97002700270027,40.0,0.003777812888276273
-73.13987398739866,6.97002700270027,0.0,0.00373508159231514
-73.13987398739866,6.97002700270027,10.0,0.0037212530237257227
-73.13987398739866,6.97002700270027,20.0,0.003736967052893561
-73.13987398739866,6.97002700270027,29.999999999999996,0.003777617104305049
-73.13987398739866,6.97002700270027,40.0,0.003815426087230896
-73.04986498649856,6.97002700270027,0.0,0.003795252734843311
-73.04986498649856,6.97002700270027,10.0,0.003804662512864913
-73.04986498649856,6.97002700270027,20.0,0.003816862127544672
-73.04986498649856,6.97002700270027,29.999999999999996,0.0038262724366334134
-73.04986498649856,6.97002700270027,40.0,0.003850941655980711
-72.95985598559847,6.97002700270027,0.0,0.00383130218933174
-72.95985598559847,6.97002700270027,10.0,0.0038418196309313196
-72.95985598559847,6.97002700270027,20.0,0.0038481666209277616
-72.95985598559847,6.97002700270027,29.999999999999996,0.0038608284255622132
-72.95985598559847,6.97002700270027,40.0,0.003869375567831538
-74.4,7.06003600360036,0.0,0.0035718063922541062
-74.4,7.06003600360036,10.0,0.0035764175691989004
-74.4,7.06003600360036,20.0,0.003591772603323144
-74.4,7.06003600360036,29.999999999999996,0.003575597759016771
-74.4,7.06003600360036,40.0,0.0035863235625151362
-74.30999099909991,7.06003600360036,0.0,0.0035565105848162333
-74.30999099909991,7.06003600360036,10.0,0.003579052450098458
-74.30999099909991,7.06003600360036,20.0,0.003584138958612774
-74.30999099909991,7.06003600360036,29.999999999999996,0.0036048398344734308
-74.30999099909991,7.06003600360036,40.0,0.0035981066577875248
-74.21998199819981,7.06003600360036,0.0,0.0035665632323370567
-74.21998199819981,7.06003600360036,10.0,0.0035660569927097037
-74.21998199819981,7.06003600360036,20.0,0.003570127572838973
-74.21998199819981,7.06003600360036,29.999999999999996,0.003566433171330996
-74.21998199819981,7.06003600360036,40.0,0.0036074394895033095
-74.12997299729972,7.06003600360036,0.0,0.003576498237663872
-74.12997299729972,7.06003600360036,10.0,0.003574340120214679
-74.12997299729972,7.06003600360036,20.0,0.0035711208925850546
-74.12997299729972,7.06003600360036,29.999999999999996,0.003578498874665665
-74.12997299729972,7.06003600360036,40.0,0.003583066177818317
-74.03996399639962,7.06003600360036,0.0,0.003617921153040722
-74.03996399639962,7.06003600360036,10.0,0.003613938727534103
-74.03996399639962,7.06003600360036,20.0,0.0036275572826227685
-74.03996399639962,7.06003600360036,29.999999999999996,0.0036199587431920595
-74.03996399639962,7.06003600360036,40.0,0.0036313548254402355
-73.94995499549952,7.06003600360036,0.0,0.0036281716660919766
-73.94995499549952,7.06003600360036,10.0,0.0036710487295275353
-73.94995499549952,7.06003600360036,20.0,0.003665078548166154
-73.94995499549952,7.06003600360036,29.999999999999996,0.0036624156178630862
-73.94995499549952,7.06003600360036,40.0,0.003637901449719963
-73.85994599459943,7.06003600360036,0.0,0.003682598281868263
-73.85994599459943,7.06003600360036,10.0,0.0036706819447981896
-73.85994599459943,7.06003600360036,20.0,0.0036754179535420073
-73.85994599459943,7.06003600360036,29.999999999999996,0.003680249932761992
-73.85994599459943,7.06003600360036,40.0,0.003677369840789215
-73.76993699369933,7.06003600360036,0.0,0.00365979137998571
-73.76993699369933,7.06003600360036,10.0,0.0036745329865566258
-73.76993699369933,7.06003600360036,20.0,0.0036879241073571067
-73.76993699369933,7.06003600360036,29.999999999999996,0.0036883210196252455
-73.76993699369933,7.06003600360036,40.0,0.0036926127588265433
-73.67992799279924,7.06003600360036,0.0,0.0036436348580853495
-73.67992799279924,7.06003600360036,10.0,0.0036753481553401376
-73.67992799279924,7.06003600360036,20.0,0.003687585682322161
-73.67992799279924,7.06003600360036,29.999999999999996,0.0036818245642189816
-73.67992799279924,7.06003600360036,40.0,0.003693501796515066
-73.58991899189914,7.06003600360036,0.0,0.003650239001055278
-73.58991899189914,7.06003600360036,10.0,0.003663853230290714
-73.58991899189914,7.06003600360036,20.0,0.0036896778111398577
-73.58991899189914,7.06003600360036,29.999999999999996,0.0036883306832996587
-73.58991899189914,7.06003600360036,40.0,0.0036920692881921837
-73.49990999099904,7.06003600360036,0.0,0.003636255204198573
-73.49990999099904,7.06003600360036,10.0,0.0036526101538083672
-73.49990999099904,7.06003600360036,20.0,0.0036575850798723293
-73.49990999099904,7.06003600360036,29.999999999999996,0.003689052890541318
-73.49990999099904,7.06003600360036,40.0,0.003710321917281296
-73.40990099009895,7.06003600360036,0.0,0.0037481091427513462
-73.40990099009895,7.06003600360036,10.0,0.003739222074761988
-73.40990099009895,7.06003600360036,20.0,0.003733113317851844
-73.40990099009895,7.06003600360036,29.999999999999996,0.0037564429534140105
-73.40990099009895,7.06003600360036,40.0,0.003724009668908797
-73.31989198919885,7.06003600360036,0.0,0.0037498161186221464
-73.31989198919885,7.06003600360036,10.0,0.0037667110421334437
-73.31989198919885,7.06003600360036,20.0,0.0037418043293463528
-73.31989198919885,7.06003600360036,29.999999999999996,0.003737494377423394
-73.31989198919885,7.06003600360036,40.0,0.003747482893057266
-73.22988298829875,7.06003600360036,0.0,0.0037070352224831834
-73.22988298829875,7.06003600360036,10.0,0.0037223983132246875
-73.22988298829875,7.06003600360036,20.0,0.0036978230376350815
-73.22988298829875,7.06003600360036,29.999999999999996,0.0037088692038528912
-73.22988298829875,7.06003600360036,40.0,0.003735151517281753
-73.13987398739866,7.06003600360036,0.0,0.0037202263527545097
-73.13987398739866,7.06003600360036,10.0,0.0037158445363628997
-73.13987398739866,7.06003600360036,20.0,0.0037106808534793563
-73.13987398739866,7.06003600360036,29.999999999999996,0.0037499805819255715
-73.13987398739866,7.06003600360036,40.0,0.0037952131027326535
-73.04986498649856,7.06003600360036,0.0,0.0037801497310772894
-73.04986498649856,7.06003600360036,10.0,0.0037795154095936535
-73.04986498649856,7.06003600360036,20.0,0.0037878851585726515
-73.04986498649856,7.06003600360036,29.999999999999996,0.0038284100006020947
-73.04986498649856,7.06003600360036,40.0,0.003842101705031064
-72.95985598559847,7.06003600360036,0.0,0.003839500814629563
-72.95985598559847,7.06003600360036,10.0,0.0038346655650479825
-72.95985598559847,7.06003600360036,20.0,0.003829937212610809
-72.95985598559847,7.06003600360036,29.999999999999996,0.0038527462079830047
-72.95985598559847,7.06003600360036,40.0,0.003894640743978471
-74.4,7.15004500450045,0.0,0.003549179349844833
-74.4,7.15004500450045,10.0,0.0035503023067335574
-74.4,7.15004500450045,20.0,0.003563374741721982
-74.4,7.15004500450045,29.999999999999996,0.0035732685509335476
-74.4,7.15004500450045,40.0,0.0035679743012849902
-74.30999099909991,7.15004500450045,0.0,0.0035872963764032673
-74.30999099909991,7.15004500450045,10.0,0.0035751441522409366
-74.30999099909991,7.15004500450045,20.0,0.003567574814713114
-74.30999099909991,7.15004500450045,29.999999999999996,0.0035913918023540254
-74.30999099909991,7.15004500450045,40.0,0.003618959925242138
-74.21998199819981,7.15004500450045,0.0,0.0035733490609142693
-74.21998199819981,7.15004500450045,10.0,0.0035841731825602585
-74.21998199819981,7.15004500450045,20.0,0.0035879583389198766
-74.21998199819981,7.15004500450045,29.999999999999996,0.0035846278744488215
-74.21998199819981,7.15004500450045,40.0,0.0035930438346909355
-74.12997299729972,7.15004500450045,0.0,0.0035876162286113625
-74.12997299729972,7.15004500450045,10.0,0.0036236994448882844
-74.12997299729972,7.15004500450045,20.0,0.0036403153012688006
-74.12997299729972,7.15004500450045,29.999999999999996,0.00363064308633166
-74.12997299729972,7.15004500450045,40.0,0.003682326303276187
-74.03996399639962,7.15004500450045,0.0,0.0036274382398833057
-74.03996399639962,7.15004500450045,10.0,0.003612298431468161
-74.03996399639962,7.15004500450045,20.0,0.0036609142875279567
-74.03996399639962,7.15004500450045,29.999999999999996,0.0036646434921463428
-74.03996399639962,7.15004500450045,40.0,0.0036737313337232218
-73.94995499549952,7.15004500450045,0.0,0.0037116328423901653
-73.94995499549952,7.15004500450045,10.0,0.0037072376537451205
-73.94995499549952,7.15004500450045,20.0,0.003730704785445021
-73.94995499549952,7.15004500450045,29.999999999999996,0.003756517414235696
-73.94995499549952,7.15004500450045,40.0,0.003772837606497218
-73.85994599459943,7.15004500450045,0.0,0.003736341888924155
-73.85994599459943,7.15004500450045,10.0,0.003732484798402365
-73.85994599459943,7.15004500450045,20.0,0.003744301045209044
-73.85994599459943,7.15004500450045,29.999999999999996,0.0037623047153750723
-73.85994599459943,7.15004500450045,40.0,0.003770999194209155
-73.76993699369933,7.15004500450045,0.0,0.003733537232011057
-73.76993699369933,7.15004500450045,10.0,0.003719282936698129
-73.76993699369933,7.15004500450045,20.0,0.003744399986182271
-73.76993699369933,7.15004500450045,29.999999999999996,0.0037607178596880068
-73.76993699369933,7.15004500450045,40.0,0.0037799296918052537
-73.67992799279924,7.15004500450045,0.0,0.003723764391293715
-73.67992799279924,7.15004500450045,10.0,0.0037237376863444712
-73.67992799279924,7.15004500450045,20.0,0.0037247650709783583
-73.67992799279924,7.15004500450045,29.999999999999996,0.003750741376321328
-73.67992799279924,7.15004500450045,40.0,0.003746870882516105
-73.58991899189914,7.15004500450045,0.0,0.0036889425053485254
-73.58991899189914,7.15004500450045,10.0,0.003722600684111631
-73.58991899189914,7.15004500450045,20.0,0.0037488336202946477
-73.58991899189914,7.15004500450045,29.999999999999996,0.0036994579801509814
-73.58991899189914,7.15004500450045,40.0,0.0036990781468248953
-73.49990999099904,7.15004500450045,0.0,0.003710675853571332
-73.49990999099904,7.15004500450045,10.0,0.003745059991997033
-73.49990999099904,7.15004500450045,20.0,0.003736228922976022
-73.49990999099904,7.15004500450045,29.999999999999996,0.003741069445262669
-73.49990999099904,7.15004500450045,40.0,0.003712235859330707
-73.40990099009895,7.15004500450045,0.0,0.0037526855884933152
-73.40990099009895,7.15004500450045,10.0,0.0037706454480493927
-73.40990099009895,7.15004500450045,20.0,0.003783505282504025
-73.40990099009895,7.15004500450045,29.999999999999996,0.00378568278602646
-73.40990099009895,7.15004500450045,40.0,0.0037683884742203996
-73.31989198919885,7.15004500450045,0.0,0.003820754594655221
-73.31989198919885,7.15004500450045,10.0,0.003844935010714438
-73.31989198919885,7.15004500450045,20.0,0.003817279657972897
-73.31989198919885,7.15004500450045,29.999999999999996,0.003795638548559857
-73.31989198919885,7.15004500450045,40.0,0.0037835904028476254
-73.22988298829875,7.15004500450045,0.0,0.003768570976160235
-73.22988298829875,7.15004500450045,10.0,0.003758278296316257
-73.22988298829875,7.15004500450045,20.0,0.003764447618898746
-73.22988298829875,7.15004500450045,29.999999999999996,0.003752390259510221
-73.22988298829875,7.15004500450045,40.0,0.003730143870623782
-73.13987398739866,7.15004500450045,0.0,0.0037121700843992904
-73.13987398739866,7.15004500450045,10.0,0.0037217650260115403
-73.13987398739866,7.15004500450045,20.0,0.0037230140716048472
-73.13987398739866,7.15004500450045,29.999999999999996,0.0037548656660955
-73.13987398739866,7.15004500450045,40.0,0.003764979449770703
-73.04986498649856,7.15004500450045,0.0,0.003773849665271389
-73.04986498649856,7.15004500450045,10.0,0.0037755777695297893
-73.04986498649856,7.15004500450045,20.0,0.0037849706091005954
-73.04986498649856,7.15004500450045,29.999999999999996,0.0038017591009864996
-73.04986498649856,7.15004500450045,40.0,0.0038202176975959804
-72.95985598559847,7.15004500450045,0.0,0.0038448594344111693
-72.95985598559847,7.15004500450045,10.0,0.00384216296720083
-72.95985598559847,7.15004500450045,20.0,0.003840404735833899
-72.95985598559847,7.15004500450045,29.999999999999996,0.003873310652515725
-72.95985598559847,7.15004500450045,40.0,0.003900761377485645
-74.4,7.24005400540054,0.0,0.0035224806865550157
-74.4,7.24005400540054,10.0,0.003524110292242295
-74.4,7.24005400540054,20.0,0.0035580439510707667
-74.4,7.24005400540054,29.999999999999996,0.0035721358902656196
-74.4,7.24005400540054,40.0,0.003591538581811535
-74.30999099909991,7.24005400540054,0.0,0.0035986141175303743
-74.30999099909991,7.24005400540054,10.0,0.00361579513251056
-74.30999099909991,7.24005400540054,20.0,0.0036132339792992033
-74.30999099909991,7.24005400540054,29.999999999999996,0.0036086666579002447
-74.30999099909991,7.24005400540054,40.0,0.003636471678685314
-74.21998199819981,7.24005400540054,0.0,0.0035568321583580483
-74.21998199819981,7.24005400540054,10.0,0.003539973172212271
-74.21998199819981,7.24005400540054,20.0,0.0035636697057855066
-74.21998199819981,7.24005400540054,29.999999999999996,0.0035889450126056826
-74.21998199819981,7.24005400540054,40.0,0.0036123699974215813
-74.12997299729972,7.24005400540054,0.0,0.003624650355341461
-74.12997299729972,7.24005400540054,10.0,0.0036434974819368805
-74.12997299729972,7.24005400540054,20.0,0.0036578725002427773
-74.12997299729972,7.24005400540054,29.999999999999996,0.003666886603885729
-74.12997299729972,7.24005400540054,40.0,0.0036904042102948002
-74.03996399639962,7.24005400540054,0.0,0.003657000322119026
-74.03996399639962,7.24005400540054,10.0,0.003668815524687634
-74.03996399639962,7.24005400540054,20.0,0.0037070494523712616
-74.03996399639962,7.24005400540054,29.999999999999996,0.0036949941804394993
-74.03996399639962,7.24005400540054,40.0,0.0036721489337828506
-73.94995499549952,7.24005400540054,0.0,0.00370774370393008
-73.94995499549952,7.24005400540054,10.0,0.0037307597921521166
-73.94995499549952,7.24005400540054,20.0,0.0037331485480556325
-73.94995499549952,7.24005400540054,29.999999999999996,0.00374052755046033
-73.94995499549952,7.24005400540054,40.0,0.0037294641932397927
-73.85994599459943,7.24005400540054,0.0,0.003734786537016864
-73.85994599459943,7.24005400540054,10.0,0.003745174920321153
-73.85994599459943,7.24005400540054,20.0,0.0037479707136726524
-73.85994599459943,7.24005400540054,29.999999999999996,0.003756354338906966
-73.85994599459943,7.24005400540054,40.0,0.0037751946271650785
-73.76993699369933,7.24005400540054,0.0,0.0037383335970022896
-73.76993699369933,7.24005400540054,10.0,0.0037303795258278372
-73.76993699369933,7.24005400540054,20.0,0.003727681134154177
-73.76993699369933,7.24005400540054,29.999999999999996,0.0037735898235472186
-73.76993699369933,7.24005400540054,40.0,0.0037795916651392142
-73.67992799279924,7.24005400540054,0.0,0.0037312238405580777
-73.67992799279924,7.24005400540054,10.0,0.0037566463557277517
-73.67992799279924,7.24005400540054,20.0,0.0037882656751671265
-73.67992799279924,7.24005400540054,29.999999999999996,0.0037975958197150536
-73.67992799279924,7.24005400540054,40.0,0.0037883880424256404
-73.58991899189914,7.24005400540054,0.0,0.0037808733846264866
-73.58991899189914,7.24005400540054,10.0,0.0037972028568815978
-73.58991899189914,7.24005400540054,20.0,0.0038104292820761347
-73.58991899189914,7.24005400540054,29.999999999999996,0.0038016764634767096
-73.58991899189914,7.24005400540054,40.0,0.0037882987048676172
-73.49990999099904,7.24005400540054,0.0,0.0037690238976366675
-73.49990999099904,7.24005400540054,10.0,0.003782372535424416
-73.49990999099904,7.24005400540054,20.0,0.003793917540664779
-73.49990999099904,7.24005400540054,29.999999999999996,0.0038068100143119885
-73.49990999099904,7.24005400540054,40.0,0.003781191442933513
-73.40990099009895,7.24005400540054,0.0,0.003758146914998184
-73.40990099009895,7.24005400540054,10.0,0.0037768800791688102
-73.40990099009895,7.24005400540054,20.0,0.0037934234135833145
-73.40990099009895,7.24005400540054,29.999999999999996,0.003814892397762541
-73.40990099009895,7.24005400540054,40.0,0.0037657320608560103
-73.31989198919885,7.24005400540054,0.0,0.0038366438354929767
-73.31989198919885,7.24005400540054,10.0,0.003839939650662441
-73.31989198919885,7.24005400540054,20.0,0.003852676675872034
-73.31989198919885,7.24005400540054,29.999999999999996,0.0038301012791349797
-73.31989198919885,7.24005400540054,40.0,0.0037887486611871348
-73.22988298829875,7.24005400540054,0.0,0.003830577301740781
-73.22988298829875,7.24005400540054,10.0,0.0038488609762942264
-73.22988298829875,7.24005400540054,20.0,0.0038433900431530006
-73.22988298829875,7.24005400540054,29.999999999999996,0.0037976131537499802
-73.22988298829875,7.24005400540054,40.0,0.003805573069046146
-73.13987398739866,7.24005400540054,0.0,0.003778585050272601
-73.13987398739866,7.24005400540054,10.0,0.0037711538658316093
-73.13987398739866,7.24005400540054,20.0,0.0037611502541579508
-73.13987398739866,7.24005400540054,29.999999999999996,0.003760411489750379
-73.13987398739866,7.24005400540054,40.0,0.0037867263911497105
-73.04986498649856,7.24005400540054,0.0,0.0037905889591188287
-73.04986498649856,7.24005400540054,10.0,0.003790234921287097
-73.04986498649856,7.24005400540054,20.0,0.0037942007329667834
-73.04986498649856,7.24005400540054,29.999999999999996,0.003821297630793487
-73.04986498649856,7.24005400540054,40.0,0.003846642811734476
-72.95985598559847,7.24005400540054,0.0,0.0038507576555978575
-72.95985598559847,7.24005400540054,10.0,0.0038434208327462393
-72.95985598559847,7.24005400540054,20.0,0.0038469755901909034
-72.95985598559847,7.24005400540054,29.999999999999996,0.003881527083006393
-72.95985598559847,7.24005400540054,40.0,0.003887396564354874
-74.4,7.33006300630063,0.0,0.003560573607357502
-74.4,7.33006300630063,10.0,0.003563861355458126
-74.4,7.33006300630063,20.0,0.003571453127852033
-74.4,7.33006300630063,29.999999999999996,0.003584165861342704
-74.4,7.33006300630063,40.0,0.003624824234356737
-74.30999099909991,7.33006300630063,0.0,0.0035871717500540693
-74.30999099909991,7.33006300630063,10.0,0.003581651539691795
-74.30999099909991,7.33006300630063,20.0,0.003593356845186586
-74.30999099909991,7.33006300630063,29.999999999999996,0.0036200702794944913
-74.30999099909991,7.33006300630063,40.0,0.0036159129849006417
-74.21998199819981,7.33006300630063,0.0,0.003568670897259595
-74.21998199819981,7.33006300630063,10.0,0.003587075889672944
-74.21998199819981,7.33006300630063,20.0,0.003592265366629763
-74.21998199819981,7.33006300630063,29.999999999999996,0.003623216218818616
-74.21998199819981,7.33006300630063,40.0,0.0036634692790583367
-74.12997299729972,7.33006300630063,0.0,0.003641264369850612
-74.12997299729972,7.33006300630063,10.0,0.003610405388894686
-74.12997299729972,7.33006300630063,20.0,0.00360555752066199
-74.12997299729972,7.33006300630063,29.999999999999996,0.0036339890170409756
-74.12997299729972,7.33006300630063,40.0,0.003665279920149485
-74.03996399639962,7.33006300630063,0.0,0.00361511360658776
-74.03996399639962,7.33006300630063,10.0,0.0036314862507672396
-74.03996399639962,7.33006300630063,20.0,0.0036331008626284684
-74.03996399639962,7.33006300630063,29.999999999999996,0.003649475394591844
-74.03996399639962,7.33006300630063,40.0,0.0036648665656338728
-73.94995499549952,7.33006300630063,0.0,0.0036458229937059144
-73.94995499549952,7.33006300630063,10.0,0.003661593451188529
-73.94995499549952,7.33006300630063,20.0,0.003674115367153107
-73.94995499549952,7.33006300630063,29.999999999999996,0.0036840403403817115
-73.94995499549952,7.33006300630063,40.0,0.003682250888520964
-73.85994599459943,7.33006300630063,0.0,0.0037235110936626736
-73.85994599459943,7.33006300630063,10.0,0.003704279601858425
-73.85994599459943,7.33006300630063,20.0,0.0037032783445572755
-73.85994599459943,7.33006300630063,29.999999999999996,0.003710212325873269
-73.85994599459943,7.33006300630063,40.0,0.003703749115231815
-73.76993699369933,7.33006300630063,0.0,0.0037524449263062697
-73.76993699369933,7.33006300630063,10.0,0.003723905230414223
-73.76993699369933,7.33006300630063,20.0,0.0037284833166155804
-73.76993699369933,7.33006300630063,29.999999999999996,0.0037399683867542647
-73.76993699369933,7.33006300630063,40.0,0.0037313529723447697
-73.67992799279924,7.33006300630063,0.0,0.003756598569838331
-73.67992799279924,7.33006300630063,10.0,0.0037524303982018623
-73.67992799279924,7.33006300630063,20.0,0.003785200198674188
-73.67992799279924,7.33006300630063,29.999999999999996,0.0037934381004972695
-73.67992799279924,7.33006300630063,40.0,0.003809515354872432
-73.58991899189914,7.33006300630063,0.0,0.003789796728061663
-73.58991899189914,7.33006300630063,10.0,0.003794836093265563
-73.58991899189914,7.33006300630063,20.0,0.003790829176274925
-73.58991899189914,7.33006300630063,29.999999999999996,0.0038197426027406986
-73.58991899189914,7.33006300630063,40.0,0.0038410042071454643
-73.49990999099904,7.33006300630063,0.0,0.0037978932947963623
-73.49990999099904,7.33006300630063,10.0,0.0038250312829697835
-73.49990999099904,7.33006300630063,20.0,0.00381556467166507
-73.49990999099904,7.33006300630063,29.999999999999996,0.003824041742605444
-73.49990999099904,7.33006300630063,40.0,0.003840969893878315
-73.40990099009895,7.33006300630063,0.0,0.003808707957565287
-73.40990099009895,7.33006300630063,10.0,0.00383069891431911
-73.40990099009895,7.33006300630063,20.0,0.0038356997192348762
-73.40990099009895,7.33006300630063,29.999999999999996,0.0038505628186831127
-73.40990099009895,7.33006300630063,40.0,0.0038407746703526973
-73.31989198919885,7.33006300630063,0.0,0.0038567570032312544
-73.31989198919885,7.33006300630063,10.0,0.003868846170714208
-73.31989198919885,7.33006300630063,20.0,0.0038763303840910405
-73.31989198919885,7.33006300630063,29.999999999999996,0.0038624552355924326
-73.31989198919885,7.33006300630063,40.0,0.003851630919664638
-73.22988298829875,7.33006300630063,0.0,0.0038647066659359677
-73.22988298829875,7.33006300630063,10.0,0.0038672229623943166
-73.22988298829875,7.33006300630063,20.0,0.0038849998588151454
-73.22988298829875,7.33006300630063,29.999999999999996,0.0038206295277101524
-73.22988298829875,7.33006300630063,40.0,0.0038114875505604385
-73.13987398739866,7.33006300630063,0.0,0.003827694133392579
-73.13987398739866,7.33006300630063,10.0,0.003831264408985194
-73.13987398739866,7.33006300630063,20.0,0.0038406510260122753
-73.13987398739866,7.33006300630063,29.999999999999996,0.003840648933763746
-73.13987398739866,7.33006300630063,40.0,0.0038598970894772222
-73.04986498649856,7.33006300630063,0.0,0.003814710997437982
-73.04986498649856,7.33006300630063,10.0,0.003812062785548618
-73.04986498649856,7.33006300630063,20.0,0.003840626846523424
-73.04986498649856,7.33006300630063,29.999999999999996,0.0038564497526664262
-73.04986498649856,7.33006300630063,40.0,0.003856783174252203
-72.95985598559847,7.33006300630063,0.0,0.0038818369827541433
-72.95985598559847,7.33006300630063,10.0,0.0038958291841674508
-72.95985598559847,7.33006300630063,20.0,0.003904471816228522
-72.95985598559847,7.33006300630063,29.999999999999996,0.003880317954425498
-72.95985598559847,7.33006300630063,40.0,0.003910894382145991
-74.4,7.42007200720072,0.0,0.0035764016117765147
-74.4,7.42007200720072,10.0,0.003573830315470887
-74.4,7.42007200720072,20.0,0.0035819702751206874
-74.4,7.42007200720072,29.999999999999996,0.0035906715815211773
-74.4,7.42007200720072,40.0,0.00360612567635455
-74.30999099909991,7.42007200720072,0.0,0.0035805412223796585
-74.30999099909991,7.42007200720072,10.0,0.003578791702046544
-74.30999099909991,7.42007200720072,20.0,0.0036100760648193637
-74.30999099909991,7.42007200720072,29.999999999999996,0.0036548553989813105
-74.30999099909991,7.42007200720072,40.0,0.003638420036611443
-74.21998199819981,7.42007200720072,0.0,0.0035582831324332586
-74.21998199819981,7.42007200720072,10.0,0.0035653701017501318
-74.21998199819981,7.42007200720072,20.0,0.0035920620483042265
-74.21998199819981,7.42007200720072,29.999999999999996,0.003584841990825706
-74.21998199819981,7.42007200720072,40.0,0.003656772910276705
-74.12997299729972,7.42007200720072,0.0,0.003606737609442585
-74.12997299729972,7.42007200720072,10.0,0.0036142925891406177
-74.12997299729972,7.42007200720072,20.0,0.0036313836631036906
-74.12997299729972,7.42007200720072,29.999999999999996,0.003644151666648179
-74.12997299729972,7.42007200720072,40.0,0.0036404932778303463
-74.03996399639962,7.42007200720072,0.0,0.003604132479248082
-74.03996399639962,7.42007200720072,10.0,0.003614166960827304
-74.03996399639962,7.42007200720072,20.0,0.0036350614960791268
-74.03996399639962,7.42007200720072,29.999999999999996,0.0036572049791208715
-74.03996399639962,7.42007200720072,40.0,0.0036372084654116192
-73.94995499549952,7.42007200720072,0.0,0.0036322497561137542
-73.94995499549952,7.42007200720072,10.0,0.003646135866527115
-73.94995499549952,7.42007200720072,20.0,0.00366429615015203
-73.94995499549952,7.42007200720072,29.999999999999996,0.0036879733703885143
-73.94995499549952,7.42007200720072,40.0,0.0036843583395215207
-73.85994599459943,7.42007200720072,0.0,0.003681132400259181
-73.85994599459943,7.42007200720072,10.0,0.003702418975380046
-73.85994599459943,7.42007200720072,20.0,0.003715284406590687
-73.85994599459943,7.42007200720072,29.999999999999996,0.003743335036935285
-73.85994599459943,7.42007200720072,40.0,0.003666290671001323
-73.76993699369933,7.42007200720072,0.0,0.003715901609173557
-73.76993699369933,7.42007200720072,10.0,0.003768201152076225
-73.76993699369933,7.42007200720072,20.0,0.0037684362739581674
-73.76993699369933,7.42007200720072,29.999999999999996,0.0037764178024089893
-73.76993699369933,7.42007200720072,40.0,0.0037457730369308455
-73.67992799279924,7.42007200720072,0.0,0.0037667291797944353
-73.67992799279924,7.42007200720072,10.0,0.003794919252946312
-73.67992799279924,7.42007200720072,20.0,0.0037986579542002063
-73.67992799279924,7.42007200720072,29.999999999999996,0.0038004936071696503
-73.67992799279924,7.42007200720072,40.0,0.003814146309422119
-73.58991899189914,7.42007200720072,0.0,0.003819354642387155
-73.58991899189914,7.42007200720072,10.0,0.003849197253093945
-73.58991899189914,7.42007200720072,20.0,0.003822791371892186
-73.58991899189914,7.42007200720072,29.999999999999996,0.0038203944845374735
-73.58991899189914,7.42007200720072,40.0,0.003813506654145367
-73.49990999099904,7.42007200720072,0.0,0.003827749362515455
-73.49990999099904,7.42007200720072,10.0,0.003845377745889417
-73.49990999099904,7.42007200720072,20.0,0.003862899906197094
-73.49990999099904,7.42007200720072,29.999999999999996,0.0038351310008311467
-73.49990999099904,7.42007200720072,40.0,0.003834992437002314
-73.40990099009895,7.42007200720072,0.0,0.0038044196504520497
-73.40990099009895,7.42007200720072,10.0,0.003847604112190041
-73.40990099009895,7.42007200720072,20.0,0.003855293836477789
-73.40990099009895,7.42007200720072,29.999999999999996,0.0038623455734686273
-73.40990099009895,7.42007200720072,40.0,0.003854587314039323
-73.31989198919885,7.42007200720072,0.0,0.0038330451702914066
-73.31989198919885,7.42007200720072,10.0,0.0038294911295611357
-73.31989198919885,7.42007200720072,20.0,0.0038844648874091763
-73.31989198919885,7.42007200720072,29.999999999999996,0.0039022034344274323
-73.31989198919885,7.42007200720072,40.0,0.0038814711604954564
-73.22988298829875,7.42007200720072,0.0,0.003846590829330943
-73.22988298829875,7.42007200720072,10.0,0.003878102749224934
-73.22988298829875,7.42007200720072,20.0,0.003880159614996128
-73.22988298829875,7.42007200720072,29.999999999999996,0.0038654727886200464
-73.22988298829875,7.42007200720072,40.0,0.0038659492092796527
-73.13987398739866,7.42007200720072,0.0,0.0038664563071845897
-73.13987398739866,7.42007200720072,10.0,0.00385793909957567
-73.13987398739866,7.42007200720072,20.0,0.003859174545521892
-73.13987398739866,7.42007200720072,29.999999999999996,0.0038816272852884035
-73.13987398739866,7.42007200720072,40.0,0.003910024924710231
-73.04986498649856,7.42007200720072,0.0,0.0038858104976978564
-73.04986498649856,7.42007200720072,10.0,0.0038926947950344813
-73.04986498649856,7.42007200720072,20.0,0.003907009089982164
-73.04986498649856,7.42007200720072,29.999999999999996,0.003911424885759461
-73.04986498649856,7.42007200720072,40.0,0.003940317993782574
-72.95985598559847,7.42007200720072,0.0,0.003885159170421918
-72.95985598559847,7.42007200720072,10.0,0.003888698356259344
-72.95985598559847,7.42007200720072,20.0,0.00389882453464549
-72.95985598559847,7.42007200720072,29.999999999999996,0.003917575677831207
-72.95985598559847,7.42007200720072,40.0,0.003884129860835366
-74.4,7.51008100810081,0.0,0.003601091858162355
-74.4,7.51008100810081,10.0,0.003612767694898413
-74.4,7.51008100810081,20.0,0.003611848599827925
-74.4,7.51008100810081,29.999999999999996,0.0035907116443422192
-74.4,7.51008100810081,40.0,0.003599226750324872
-74.30999099909991,7.51008100810081,0.0,0.003559274900167198
-74.30999099909991,7.51008100810081,10.0,0.0035562754355439093
-74.30999099909991,7.51008100810081,20.0,0.003567457567855315
-74.30999099909991,7.51008100810081,29.999999999999996,0.0036277102489672857
-74.30999099909991,7.51008100810081,40.0,0.0036360556410937645
-74.21998199819981,7.51008100810081,0.0,0.003561756911268656
-74.21998199819981,7.51008100810081,10.0,0.0035713549734924925
-74.21998199819981,7.51008100810081,20.0,0.003607154383503271
-74.21998199819981,7.51008100810081,29.999999999999996,0.003598512740124884
-74.21998199819981,7.51008100810081,40.0,0.003648324341482855
-74.12997299729972,7.51008100810081,0.0,0.0036415993351542894
-74.12997299729972,7.51008100810081,10.0,0.0036397053176425304
-74.12997299729972,7.51008100810081,20.0,0.003657578438635202
-74.12997299729972,7.51008100810081,29.999999999999996,0.0036703217833289866
-74.12997299729972,7.51008100810081,40.0,0.003642078232876404
-74.03996399639962,7.51008100810081,0.0,0.003628867581443674
-74.03996399639962,7.51008100810081,10.0,0.0036480882247681575
-74.03996399639962,7.51008100810081,20.0,0.0036584655775176375
-74.03996399639962,7.51008100810081,29.999999999999996,0.0036912438669605215
-74.03996399639962,7.51008100810081,40.0,0.0036730021099222673
-73.94995499549952,7.51008100810081,0.0,0.0036402715362574005
-73.94995499549952,7.51008100810081,10.0,0.003642135902657299
-73.94995499549952,7.51008100810081,20.0,0.003696353257558396
-73.94995499549952,7.51008100810081,29.999999999999996,0.003715287435290603
-73.94995499549952,7.51008100810081,40.0,0.003730413958536447
-73.85994599459943,7.51008100810081,0.0,0.0037016079599538785
-73.85994599459943,7.51008100810081,10.0,0.003691862526202255
-73.85994599459943,7.51008100810081,20.0,0.0037148424392262195
-73.85994599459943,7.51008100810081,29.999999999999996,0.0037200913740456087
-73.85994599459943,7.51008100810081,40.0,0.0037348361843058033
-73.76993699369933,7.51008100810081,0.0,0.003738016238124155
-73.76993699369933,7.51008100810081,10.0,0.0037694698707574636
-73.76993699369933,7.51008100810081,20.0,0.003774823813016464
-73.76993699369933,7.51008100810081,29.999999999999996,0.0037760158375508327
-73.76993699369933,7.51008100810081,40.0,0.003787152510454529
-73.67992799279924,7.51008100810081,0.0,0.0037513188351085114
-73.67992799279924,7.51008100810081,10.0,0.0037824624825774
-73.67992799279924,7.51008100810081,20.0,0.0037918517160614065
-73.67992799279924,7.51008100810081,29.999999999999996,0.0038103148500492397
-73.67992799279924,7.51008100810081,40.0,0.003828449865219042
-73.58991899189914,7.51008100810081,0.0,0.0038112074327899866
-73.58991899189914,7.51008100810081,10.0,0.0038291052793301135
-73.58991899189914,7.51008100810081,20.0,0.003839122959334686
-73.58991899189914,7.51008100810081,29.999999999999996,0.003830171040719877
-73.58991899189914,7.51008100810081,40.0,0.003819452126507724
-73.49990999099904,7.51008100810081,0.0,0.0038231571788079587
-73.49990999099904,7.51008100810081,10.0,0.0038348096554862983
-73.49990999099904,7.51008100810081,20.0,0.003841881002629763
-73.49990999099904,7.51008100810081,29.999999999999996,0.0038187768207590196
-73.49990999099904,7.51008100810081,40.0,0.00387587563065216
-73.40990099009895,7.51008100810081,0.0,0.0038288356846616772
-73.40990099009895,7.51008100810081,10.0,0.0038422427320034015
-73.40990099009895,7.51008100810081,20.0,0.0038698738051571257
-73.40990099009895,7.51008100810081,29.999999999999996,0.003887770504762061
-73.40990099009895,7.51008100810081,40.0,0.0039052747329624184
-73.31989198919885,7.51008100810081,0.0,0.0038416658834708036
-73.31989198919885,7.51008100810081,10.0,0.0038757687657400963
-73.31989198919885,7.51008100810081,20.0,0.003906386717532352
-73.31989198919885,7.51008100810081,29.999999999999996,0.003906366576610276
-73.31989198919885,7.51008100810081,40.0,0.003928269113568887
-73.22988298829875,7.51008100810081,0.0,0.0038704054639889796
-73.22988298829875,7.51008100810081,10.0,0.003875481032104279
-73.22988298829875,7.51008100810081,20.0,0.003892285714524279
-73.22988298829875,7.51008100810081,29.999999999999996,0.003874612131468537
-73.22988298829875,7.51008100810081,40.0,0.003914987652987863
-73.13987398739866,7.51008100810081,0.0,0.003924819737990941
-73.13987398739866,7.51008100810081,10.0,0.003899377771381862
-73.13987398739866,7.51008100810081,20.0,0.003906885483221103
-73.13987398739866,7.51008100810081,29.999999999999996,0.003913697509891779
-73.13987398739866,7.51008100810081,40.0,0.003926673171303177
-73.04986498649856,7.51008100810081,0.0,0.0039327808113481105
-73.04986498649856,7.51008100810081,10.0,0.003928504092561206
-73.04986498649856,7.51008100810081,20.0,0.00392408034959611
-73.04986498649856,7.51008100810081,29.999999999999996,0.003939786200478901
-73.04986498649856,7.51008100810081,40.0,0.003987912358191261
-72.95985598559847,7.51008100810081,0.0,0.003911768102017753
-72.95985598559847,7.51008100810081,10.0,0.00394066949292781
-72.95985598559847,7.51008100810081,20.0,0.003952768183163554
-72.95985598559847,7.51008100810081,29.999999999999996,0.003941675408571209
-72.95985598559847,7.51008100810081,40.0,0.0038858440955538624
-74.4,7.6000900090009,0.0,0.0035667398211517436
-74.4,7.6000900090009,10.0,0.0035652479533771248
-74.4,7.6000900090009,20.0,0.003578806509089891
-74.4,7.6000900090009,29.999999999999996,0.003611746563798534
-74.4,7.6000900090009,40.0,0.0035979018606064426
-74.30999099909991,7.6000900090009,0.0,0.00355596823588405
-74.30999099909991,7.6000900090009,10.0,0.0035415866196242996
-74.30999099909991,7.6000900090009,20.0,0.003550062202374924
-74.30999099909991,7.6000900090009,29.999999999999996,0.003601241733396576
-74.30999099909991,7.6000900090009,40.0,0.003634604728033254
-74.21998199819981,7.6000900090009,0.0,0.003564881968375057
-74.21998199819981,7.6000900090009,10.0,0.003582190140106216
-74.21998199819981,7.6000900090009,20.0,0.003596470578991903
-74.21998199819981,7.6000900090009,29.999999999999996,0.003594347811550786
-74.21998199819981,7.6000900090009,40.0,0.0036132359555945026
-74.12997299729972,7.6000900090009,0.0,0.003660396359397542
-74.12997299729972,7.6000900090009,10.0,0.003659784588825649
-74.12997299729972,7.6000900090009,20.0,0.0036844436025224698
-74.12997299729972,7.6000900090009,29.999999999999996,0.003666710650138298
-74.12997299729972,7.6000900090009,40.0,0.0036842054580073394
-74.03996399639962,7.6000900090009,0.0,0.0036713915097219144
-74.03996399639962,7.6000900090009,10.0,0.003684111034460542
-74.03996399639962,7.6000900090009,20.0,0.0037034990996155197
-74.03996399639962,7.6000900090009,29.999999999999996,0.003705244639215905
-74.03996399639962,7.6000900090009,40.0,0.0036869065767886205
-73.94995499549952,7.6000900090009,0.0,0.003661287589367514
-73.94995499549952,7.6000900090009,10.0,0.003706570043832988
-73.94995499549952,7.6000900090009,20.0,0.0037121138738524517
-73.94995499549952,7.6000900090009,29.999999999999996,0.003724422193623971
-73.94995499549952,7.6000900090009,40.0,0.00373764705752133
-73.85994599459943,7.6000900090009,0.0,0.003688744955551272
-73.85994599459943,7.6000900090009,10.0,0.0036921034412565777
-73.85994599459943,7.6000900090009,20.0,0.003709192138658962
-73.85994599459943,7.6000900090009,29.999999999999996,0.0037182698940949385
-73.85994599459943,7.6000900090009,40.0,0.0037441312609716748
-73.76993699369933,7.6000900090009,0.0,0.003749370135477332
-73.76993699369933,7.6000900090009,10.0,0.003761679263769506
-73.76993699369933,7.6000900090009,20.0,0.003781788130266831
-73.76993699369933,7.6000900090009,29.999999999999996,0.0038027346950045156
-73.76993699369933,7.6000900090009,40.0,0.003802856040173044
-73.67992799279924,7.6000900090009,0.0,0.0037762296530918504
-73.67992799279924,7.6000900090009,10.0,0.003805744083551562
-73.67992799279924,7.6000900090009,20.0,0.003830068148470319
-73.67992799279924,7.6000900090009,29.999999999999996,0.003841241874082308
-73.67992799279924,7.6000900090009,40.0,0.0038437486609541834
-73.58991899189914,7.6000900090009,0.0,0.0038202001025555514
-73.58991899189914,7.6000900090009,10.0,0.0038395971071735154
-73.58991899189914,7.6000900090009,20.0,0.003873148260738179
-73.58991899189914,7.6000900090009,29.999999999999996,0.0038582420368075314
-73.58991899189914,7.6000900090009,40.0,0.00381173726479993
-73.49990999099904,7.6000900090009,0.0,0.0038433696884492387
-73.49990999099904,7.6000900090009,10.0,0.003837716786178656
-73.49990999099904,7.6000900090009,20.0,0.003831143828306891
-73.49990999099904,7.6000900090009,29.999999999999996,0.0038545886310691895
-73.49990999099904,7.6000900090009,40.0,0.003834122650194472
-73.40990099009895,7.6000900090009,0.0,0.0038617650723296905
-73.40990099009895,7.6000900090009,10.0,0.0038656958825206847
-73.40990099009895,7.6000900090009,20.0,0.003869836558510247
-73.40990099009895,7.6000900090009,29.999999999999996,0.0039006390948093618
-73.40990099009895,7.6000900090009,40.0,0.003926724228958223
-73.31989198919885,7.6000900090009,0.0,0.0038951460194983894
-73.31989198919885,7.6000900090009,10.0,0.003927586125768281
-73.31989198919885,7.6000900090009,20.0,0.00393747942876731
-73.31989198919885,7.6000900090009,29.999999999999996,0.003948229823354229
-73.31989198919885,7.6000900090009,40.0,0.003939811710927728
-73.22988298829875,7.6000900090009,0.0,0.003919182717305319
-73.22988298829875,7.6000900090009,10.0,0.003933888164401801
-73.22988298829875,7.6000900090009,20.0,0.003956189959944982
-73.22988298829875,7.6000900090009,29.999999999999996,0.0039316264557792266
-73.22988298829875,7.6000900090009,40.0,0.003939120156199795
-73.13987398739866,7.6000900090009,0.0,0.003961943996195901
-73.13987398739866,7.6000900090009,10.0,0.003947521050521471
-73.13987398739866,7.6000900090009,20.0,0.003935313853455881
-73.13987398739866,7.6000900090009,29.999999999999996,0.003956266046369008
-73.13987398739866,7.6000900090009,40.0,0.0039549968336626395
-73.04986498649856,7.6000900090009,0.0,0.003962394547740485
-73.04986498649856,7.6000900090009,10.0,0.003970908326758585
-73.04986498649856,7.6000900090009,20.0,0.00397884068371767
-73.04986498649856,7.6000900090009,29.999999999999996,0.003960999067059727
-73.04986498649856,7.6000900090009,40.0,0.003948572425987512
-72.95985598559847,7.6000900090009,0.0,0.003935428751267161
-72.95985598559847,7.6000900090009,10.0,0.0039355717485909224
-72.95985598559847,7.6000900090009,20.0,0.003945026215989531
-72.95985598559847,7.6000900090009,29.999999999999996,0.003928766132352967
-72.95985598559847,7.6000900090009,40.0,0.003947100014827606
-74.4,7.69009900990099,0.0,0.003583884931854993
-74.4,7.69009900990099,10.0,0.003580611646470336
-74.4,7.69009900990099,20.0,0.003607242391192811
-74.4,7.69009900990099,29.999999999999996,0.0036012727929233585
-74.4,7.69009900990099,40.0,0.0036157556664429525
-74.30999099909991,7.69009900990099,0.0,0.003570265333969732
-74.30999099909991,7.69009900990099,10.0,0.0035356124732274855
-74.30999099909991,7.69009900990099,20.0,0.003552432068439556
-74.30999099909991,7.69009900990099,29.999999999999996,0.0035864872456121285
-74.30999099909991,7.69009900990099,40.0,0.0036323926103687845
-74.21998199819981,7.69009900990099,0.0,0.003556139711079152
-74.21998199819981,7.69009900990099,10.0,0.0035847444810143646
-74.21998199819981,7.69009900990099,20.0,0.003591338307243583
-74.21998199819981,7.69009900990099,29.999999999999996,0.003582868988293874
-74.21998199819981,7.69009900990099,40.0,0.003587863518909611
-74.12997299729972,7.69009900990099,0.0,0.003654775824346152
-74.12997299729972,7.69009900990099,10.0,0.0036544310917477835
-74.12997299729972,7.69009900990099,20.0,0.003687222196932484
-74.12997299729972,7.69009900990099,29.999999999999996,0.0036637792582863704
-74.12997299729972,7.69009900990099,40.0,0.0036838360266839764
-74.03996399639962,7.69009900990099,0.0,0.00367533251812293
-74.03996399639962,7.69009900990099,10.0,0.0037098868600910087
-74.03996399639962,7.69009900990099,20.0,0.003726227696475513
-74.03996399639962,7.69009900990099,29.999999999999996,0.003697977146936263
-74.03996399639962,7.69009900990099,40.0,0.003743799813983738
-73.94995499549952,7.69009900990099,0.0,0.003707396671533669
-73.94995499549952,7.69009900990099,10.0,0.0037349784351393784
-73.94995499549952,7.69009900990099,20.0,0.003731522697019172
-73.94995499549952,7.69009900990099,29.999999999999996,0.0037312143314619153
-73.94995499549952,7.69009900990099,40.0,0.0037633201913954474
-73.85994599459943,7.69009900990099,0.0,0.0037050991728106706
-73.85994599459943,7.69009900990099,10.0,0.0037146637441747192
-73.85994599459943,7.69009900990099,20.0,0.0037296986283270623
-73.85994599459943,7.69009900990099,29.999999999999996,0.0037854268559371737
-73.85994599459943,7.69009900990099,40.0,0.003779838616603305
-73.76993699369933,7.69009900990099,0.0,0.0037827594521567475
-73.76993699369933,7.69009900990099,10.0,0.0037954079744149994
-73.76993699369933,7.69009900990099,20.0,0.0037890920358673317
-73.76993699369933,7.69009900990099,29.999999999999996,0.0038322311791914457
-73.76993699369933,7.69009900990099,40.0,0.003866313469323554
-73.67992799279924,7.69009900990099,0.0,0.0038285179017982784
-73.67992799279924,7.69009900990099,10.0,0.0038438273516662046
-73.67992799279924,7.69009900990099,20.0,0.0038322164531107853
-73.67992799279924,7.69009900990099,29.999999999999996,0.0038703513868398494
-73.67992799279924,7.69009900990099,40.0,0.0038513721883370964
-73.58991899189914,7.69009900990099,0.0,0.0038318422844889214
-73.58991899189914,7.69009900990099,10.0,0.0038524796489673285
-73.58991899189914,7.69009900990099,20.0,0.003873787869528553
-73.58991899189914,7.69009900990099,29.999999999999996,0.0038866962570782457
-73.58991899189914,7.69009900990099,40.0,0.0038688444416251017
-73.49990999099904,7.69009900990099,0.0,0.003830876829687055
-73.49990999099904,7.69009900990099,10.0,0.0038549597621175607
-73.49990999099904,7.69009900990099,20.0,0.0038574092932580333
-73.49990999099904,7.69009900990099,29.999999999999996,0.0038726807860118713
-73.49990999099904,7.69009900990099,40.0,0.003872763095350514
-73.40990099009895,7.69009900990099,0.0,0.00384523695984555
-73.40990099009895,7.69009900990099,10.0,0.003846134860937383
-73.40990099009895,7.69009900990099,20.0,0.003879461638880271
-73.40990099009895,7.69009900990099,29.999999999999996,0.003894050006923516
-73.40990099009895,7.69009900990099,40.0,0.003908617641184441
-73.31989198919885,7.69009900990099,0.0,0.003952086923967587
-73.31989198919885,7.69009900990099,10.0,0.0039506482996530395
-73.31989198919885,7.69009900990099,20.0,0.003954197746272053
-73.31989198919885,7.69009900990099,29.999999999999996,0.003995522520557214
-73.31989198919885,7.69009900990099,40.0,0.0039753554835411185
-73.22988298829875,7.69009900990099,0.0,0.003964962764725881
-73.22988298829875,7.69009900990099,10.0,0.003965311260422639
-73.22988298829875,7.69009900990099,20.0,0.003970185852520798
-73.22988298829875,7.69009900990099,29.999999999999996,0.003960108036283496
-73.22988298829875,7.69009900990099,40.0,0.003934028936640942
-73.13987398739866,7.69009900990099,0.0,0.003975433217979208
-73.13987398739866,7.69009900990099,10.0,0.003948084902675047
-73.13987398739866,7.69009900990099,20.0,0.003969457588379558
-73.13987398739866,7.69009900990099,29.999999999999996,0.003956018840240466
-73.13987398739866,7.69009900990099,40.0,0.003956564320490545
-73.04986498649856,7.69009900990099,0.0,0.00394120981407995
-73.04986498649856,7.69009900990099,10.0,0.003940538765768048
-73.04986498649856,7.69009900990099,20.0,0.003943091962557285
-73.04986498649856,7.69009900990099,29.999999999999996,0.00393904286423912
-73.04986498649856,7.69009900990099,40.0,0.003949413995389473
-72.95985598559847,7.69009900990099,0.0,0.0039128885492298905
-72.95985598559847,7.69009900990099,10.0,0.003931921555101142
-72.95985598559847,7.69009900990099,20.0,0.003948768929473161
-72.95985598559847,7.69009900990099,29.999999999999996,0.003949840242324601
-72.95985598559847,7.69009900990099,40.0,0.0039159605955327885
-74.4,7.78010801080108,0.0,0.0035947353939207185
-74.4,7.78010801080108,10.0,0.003606153737811066
-74.4,7.78010801080108,20.0,0.0036447256954513273
-74.4,7.78010801080108,29.999999999999996,0.0036424676485564706
-74.4,7.78010801080108,40.0,0.0036571857684077765
-74.30999099909991,7.78010801080108,0.0,0.003602894647814018
-74.30999099909991,7.78010801080108,10.0,0.0036130629300002927
-74.30999099909991,7.78010801080108,20.0,0.0035835510058407857
-74.30999099909991,7.78010801080108,29.999999999999996,0.003617979023236419
-74.30999099909991,7.78010801080108,40.0,0.003615741685800465
-74.21998199819981,7.78010801080108,0.0,0.0035476265081086362
-74.21998199819981,7.78010801080108,10.0,0.003565500006118276
-74.21998199819981,7.78010801080108,20.0,0.003583456657826275
-74.21998199819981,7.78010801080108,29.999999999999996,0.0035998947438027284
-74.21998199819981,7.78010801080108,40.0,0.003606677753003745
-74.12997299729972,7.78010801080108,0.0,0.003643441273534222
-74.12997299729972,7.78010801080108,10.0,0.0036915432221601087
-74.12997299729972,7.78010801080108,20.0,0.003685713545014199
-74.12997299729972,7.78010801080108,29.999999999999996,0.0036853669150513587
-74.12997299729972,7.78010801080108,40.0,0.0036726363075572015
-74.03996399639962,7.78010801080108,0.0,0.0036960482771651705
-74.03996399639962,7.78010801080108,10.0,0.003699715118295208
-74.03996399639962,7.78010801080108,20.0,0.0036988735017625513
-74.03996399639962,7.78010801080108,29.999999999999996,0.003744548045933432
-74.03996399639962,7.78010801080108,40.0,0.00374306038484149
-73.94995499549952,7.78010801080108,0.0,0.0037530696031762125
-73.94995499549952,7.78010801080108,10.0,0.003739399350631185
-73.94995499549952,7.78010801080108,20.0,0.003746317557019008
-73.94995499549952,7.78010801080108,29.999999999999996,0.0037847591757421872
-73.94995499549952,7.78010801080108,40.0,0.0037874534781187053
-73.85994599459943,7.78010801080108,0.0,0.003781407439792492
-73.85994599459943,7.78010801080108,10.0,0.003773404096248729
-73.85994599459943,7.78010801080108,20.0,0.003819946988786311
-73.85994599459943,7.78010801080108,29.999999999999996,0.003854196145837347
-73.85994599459943,7.78010801080108,40.0,0.0037853952811992666
-73.76993699369933,7.78010801080108,0.0,0.0038544369957049687
-73.76993699369933,7.78010801080108,10.0,0.003865105222337367
-73.76993699369933,7.78010801080108,20.0,0.0038458422607588944
-73.76993699369933,7.78010801080108,29.999999999999996,0.0038413703722159757
-73.76993699369933,7.78010801080108,40.0,0.003815767988664284
-73.67992799279924,7.78010801080108,0.0,0.0038504994867809648
-73.67992799279924,7.78010801080108,10.0,0.003842679297726927
-73.67992799279924,7.78010801080108,20.0,0.003857911375863667
-73.67992799279924,7.78010801080108,29.999999999999996,0.003864299179648709
-73.67992799279924,7.78010801080108,40.0,0.0038963542735213404
-73.58991899189914,7.78010801080108,0.0,0.003903597585976749
-73.58991899189914,7.78010801080108,10.0,0.003900815796983649
-73.58991899189914,7.78010801080108,20.0,0.003925209267035158
-73.58991899189914,7.78010801080108,29.999999999999996,0.0039314110239810724
-73.58991899189914,7.78010801080108,40.0,0.0038778722187025163
-73.49990999099904,7.78010801080108,0.0,0.003925908869433434
-73.49990999099904,7.78010801080108,10.0,0.0038991423686348167
-73.49990999099904,7.78010801080108,20.0,0.003904403656083178
-73.49990999099904,7.78010801080108,29.999999999999996,0.0039029069153198944
-73.49990999099904,7.78010801080108,40.0,0.0038932454365581026
-73.40990099009895,7.78010801080108,0.0,0.0038881753678181048
-73.40990099009895,7.78010801080108,10.0,0.0039067055235909535
-73.40990099009895,7.78010801080108,20.0,0.0038777044524124413
-73.40990099009895,7.78010801080108,29.999999999999996,0.003895492818700154
-73.40990099009895,7.78010801080108,40.0,0.003950100957819598
-73.31989198919885,7.78010801080108,0.0,0.0039889206463911385
-73.31989198919885,7.78010801080108,10.0,0.00398598492438948
-73.31989198919885,7.78010801080108,20.0,0.004003757505837131
-73.31989198919885,7.78010801080108,29.999999999999996,0.003975832385074729
-73.31989198919885,7.78010801080108,40.0,0.004001971800506711
-73.22988298829875,7.78010801080108,0.0,0.0039608661948149606
-73.22988298829875,7.78010801080108,10.0,0.003958009166766073
-73.22988298829875,7.78010801080108,20.0,0.0039601307429544316
-73.22988298829875,7.78010801080108,29.999999999999996,0.003952482314080135
-73.22988298829875,7.78010801080108,40.0,0.003971638876287447
-73.13987398739866,7.78010801080108,0.0,0.003949880412359653
-73.13987398739866,7.78010801080108,10.0,0.003955103165780086
-73.13987398739866,7.78010801080108,20.0,0.003952916047205708
-73.13987398739866,7.78010801080108,29.999999999999996,0.00395604508353798
-73.13987398739866,7.78010801080108,40.0,0.0039797475582034935
-73.04986498649856,7.78010801080108,0.0,0.003941972351615993
-73.04986498649856,7.78010801080108,10.0,0.003949630221208837
-73.04986498649856,7.78010801080108,20.0,0.003962512386463525
-73.04986498649856,7.78010801080108,29.999999999999996,0.003961510889113035
-73.04986498649856,7.78010801080108,40.0,0.003980223639892153
-72.95985598559847,7.78010801080108,0.0,0.003918828867677916
-72.95985598559847,7.78010801080108,10.0,0.003944875632339985
-72.95985598559847,7.78010801080108,20.0,0.0039421562733508095
-72.95985598559847,7.78010801080108,29.999999999999996,0.003935940423706192
-72.95985598559847,7.78010801080108,40.0,0.003908167557358845
